shopid,commentid,comment
101,1,早餐种类丰富，营养均衡，对健康很有帮助。
101,2,出餐速度快，不用等太久就能吃到热腾腾的早餐。
101,3,食物新鲜，看得出来很注重食材的新鲜度，吃得放心。
101,4,早餐窗口的卫生状况很好，让人吃得安心。
101,5,早餐的分量适中，不会吃得太饱影响上午的课程。
101,6,早餐的多样性让人每天都充满期待。
101,7,出餐效率高，即便是早高峰时段也能快速拿到早餐。
101,8,早餐窗口的工作人员态度友好，服务周到。
101,9,早餐的口味多样，满足了不同人的口味需求。
101,10,早餐的食材搭配合理，有助于开启活力满满的一天。
101,11,早餐窗口的布局合理，排队效率高。
101,12,早餐的食材看起来都很健康，没有过多的油炸食品。
101,13,早餐窗口的菜品更新频率快，总有新口味可以尝试。
101,14,即便是简单的早餐，也能感受到食堂对健康的重视。
101,15,早餐窗口的出餐速度对于赶时间的学生来说非常合适。
101,16,早餐窗口的菜品质量稳定，每次去都能吃到满意的早餐。
101,17,早餐窗口的菜品价格合理，性价比高。
101,18,早餐窗口的菜品选择多样，可以根据自己的喜好搭配。
101,19,早餐窗口的出餐效率和服务态度都让人满意。
101,20,早餐窗口的菜品口味清淡，适合早晨的饮食习惯，对健康有益。
102,1,菜品种类虽然不多，但每道菜都做得很精致，味道很棒。
102,2,食材不够新鲜，好几次吃到了淋巴肉。
102,3,味道好，尤其是红烧肉，肥而不腻，非常下饭。
102,4,虽然菜品选择有限，但每道菜都是精品，值得一试。
102,5,食材新鲜，海鲜类菜品尤其突出，新鲜度满分。
102,6,味道上乘，即便是简单的炒青菜也能吃出不一样的味道。
102,7,菜品种类虽然少，但每样都是精心制作的，味道很赞。
102,8,食材品质欠佳，感觉有待提高。
102,9,味道好，尤其是他们的招牌菜，每次去都必点。
102,10,菜品种类虽少，但保证了每道菜的质量，味道都很出色。
102,11,食材新鲜，看得出来食堂对食材的挑选很用心。
102,12,味道好，每次去都有新的惊喜，菜品虽少但每道都值得尝试。
102,13,菜品种类虽然有限，但味道和食材新鲜度都让人满意。
102,14,食材较为新鲜，尤其是肉类，吃起来很放心。
102,15,味道好，每次去都能吃出厨师的用心和对食材的尊重。
102,16,菜品种类虽然不多，但每道菜都有其独特的风味，味道令人难忘。
102,17,食材新鲜，蔬菜看起来都是当天采摘的，非常新鲜。
102,18,味道好，即便是简单的家常菜，也能吃出不一样的感觉。
102,19,菜品种类虽少，但每道菜都做得很用心，味道上佳。
102,20,食材新鲜，每道菜都能吃出食材的原汁原味，味道非常好。
103,1,红烧牛肉面的刀削面口感劲道，牛肉炖得很烂，非常入味。
103,2,鸡蛋面新鲜滑嫩，搭配刀削面的口感，出餐速度快，很满意。
103,3,西红柿鸡蛋面酸甜可口，刀削面很有嚼劲，是午餐的好选择。
103,4,青椒肉丝面辣味适中，肉丝鲜嫩，面条Q弹，出餐速度也快。
103,5,雪菜肉丝面味道鲜美，雪菜和肉丝的搭配很下饭，面条口感好。
103,6,杂酱面酱料浓郁，面条吸收了酱香，出餐迅速，适合忙碌的学生。
103,7,老坛酸菜牛肉面酸菜味道正宗，牛肉软烂，面条有弹性，出餐效率高。
103,8,香菇烧鸡面鸡肉鲜嫩，香菇提味，刀削面的口感让人回味无穷。
103,9,水煮肉片面麻辣鲜香，肉片嫩滑，面条吸收了汤汁，出餐速度快。
103,10,红烧牛肉面牛肉酥烂，面条软硬适中，出餐速度令人满意。
103,11,红烧大排面的大排肉多汁，面条劲道，出餐速度也很快。
103,12,红烧大肉面肉块大而入味，面条滑润，出餐迅速，适合快速解决一餐。
103,13,葱油拌面香气扑鼻，面条拌上葱油后更加美味，出餐效率高。
103,14,牛肉拌面牛肉切片厚实，拌面口感独特，出餐速度快，适合课间快速用餐。
103,15,面条的刀削工艺做得好，每一碗面都能感受到面条的手工质感。
103,16,面条种类丰富，每一款都有其独特之处，出餐速度快。
103,17,面条有嚼劲，搭配各种不同的浇头，味道层次分明，出餐也迅速。
103,18,特别喜欢这里的刀削面，口感滑而不腻，每次去都能快速拿到。
103,19,面条软硬适中，各种浇头都很美味，出餐速度快，适合学生。
103,20,面条的口感很好，无论是汤面还是拌面，都能快速出餐，非常适合学生的日常需求。
104,1,酸汤面汤头酸爽开胃，面条细薄，吃起来特别有苏式风味。
104,2,武汉热干面的麻酱味道浓郁，面条劲道，很有特色。
104,3,番茄鸡蛋面的番茄新鲜，鸡蛋嫩滑，面条吸收了汤汁，味道鲜美。
104,4,阳春面的清汤配上细面，简单却不失风味，是快速解决饥饿的好选择。
104,5,茄汁面的茄汁酸甜适中，面条柔软，吃起来很满足。
104,6,青菜面的绿色蔬菜新鲜，面条清淡，适合追求健康饮食的同学。
104,7,葱油拌面的葱香四溢，面条拌上特制的葱油，香气扑鼻。
104,8,素鸡面中的素鸡口感独特，搭配面条，简单却不失美味。
104,9,炸酱面的酱料味道正宗，拌上劲道的面条，每一口都是享受。
104,10,四川担担面麻辣鲜香，面条滑爽，辣得恰到好处。
104,11,香菇鸡块面的香菇和鸡肉都很入味，面条吸收了肉香，非常满足。
104,12,辣子鸡丁面的鸡丁香辣可口，面条劲道，吃起来很过瘾。
104,13,红烧大肉面的肉块炖得酥烂，面条吸收了红烧的精华，味道醇厚。
104,14,酸辣粉的粉条Q弹，酸辣味道鲜明，吃起来很开胃。
104,15,水煮肉片拌面的肉片鲜嫩，拌面香辣，是喜欢重口味同学的好选择。
104,16,京酱肉丝拌面的肉丝酱香浓郁，拌上面条，味道独特。
104,17,番茄肉片面的番茄酸甜，肉片鲜嫩，面条细软，口感很好。
104,18,鸡腿面的鸡腿肉多汁，面条劲道，吃起来很满足。
104,19,茄汁牛肉面的茄汁和牛肉的搭配很新颖，面条吸收了茄汁的鲜味，味道很好。
104,20,红烧牛肉面的牛肉酥烂入味，红烧的香味渗透到每一根面条中，非常美味。
105,1,黑芝麻汤圆软糯香甜，就是出餐速度如果能再快点就更好了。
105,2,玉米鲜肉水饺馅料饱满，味道鲜美。
105,3,香菇鲜肉水饺的香菇味道浓郁，如果能缩短等待时间就完美了。
105,4,荠菜鲜肉大馄饨的荠菜清香，馄饨皮滑，味道很好，但排队时间略长。
105,5,玉米鲜肉大馄饨的玉米甜脆，馄饨味道好，出餐速度有待提高。
105,6,香菇鲜肉大馄饨的香菇和肉的搭配恰到好处，馄饨味道好，但出餐稍慢。
105,7,馄饨皮薄馅大，馄饨个头大，味道赞，希望提高出餐速度。
105,8,酱香米线味道浓郁，米线劲道，但出餐速度有时让人等得心焦。
105,9,麻辣米线辣得恰到好处，味道好。
105,10,老坛酸菜米线的酸菜味道正宗，米线滑爽，出餐速度可以再快一些。
105,11,馄饨皮薄馅大，鸡蛋鲜美，馄饨味道好，但等待时间较长。
105,12,辣子鸡丁米线的鸡丁香辣，米线入味，希望出餐能更迅速。
105,13,香菇鸡块米线的鸡块肉质细嫩，香菇提鲜，馄饨味道好，但出餐速度一般。
105,14,馄饨皮薄馅大，米线味道好。
105,15,红烧牛肉米线的牛肉酥烂，米线吸收了红烧的精华，味道很好。
105,16,馄饨的馅料新鲜，味道鲜美，就是出餐速度稍慢，希望能有所改进。
105,17,阿香馄饨窗口的馄饨种类丰富，味道好了。
105,18,馄饨和米线的味道都很好，就是排队时间较长，希望能提高出餐效率。
105,19,馄饨的皮薄馅大，味道鲜美，如果能缩短出餐时间就更棒了。
105,20,馄饨和米线都很好吃，就是出餐速度有时跟不上需求，希望能有所改善。
106,1,淮南牛肉汤非常清爽，牛肉新鲜，搭配烧饼吃，一顿满足的午餐。
106,2,烧饼薄脆，口感很好，和牛肉汤一起简直是绝配。
106,3,牛肉汤的汤头鲜美，牛肉片切得恰到好处，新鲜又好吃。
106,4,这里的牛肉汤是我在校园里吃过的最清爽的，牛肉质量也是上乘。
106,5,烧饼的薄脆程度刚好，不会太硬也不会太软，搭配牛肉汤吃非常美味。
106,6,牛肉汤的牛肉新鲜，汤底清澈，喝起来很舒心。
106,7,淮南牛肉汤窗口的烧饼是我最喜欢的，每次去都要额外加一份。
106,8,牛肉汤的牛肉处理得很好，没有腥味，吃起来很放心。
106,9,烧饼的层次分明，口感酥脆，是淮南牛肉汤的完美搭档。
106,10,牛肉汤的汤底看似简单，实则味道丰富，牛肉的新鲜度也加分不少。
106,11,这里的烧饼是我吃过的最好吃的，每次来都要点。
106,12,牛肉汤的牛肉分量十足，新鲜而且肉质细嫩，非常满意。
106,13,烧饼的薄脆和牛肉汤的清爽相得益彰，每次吃都有好心情。
106,14,牛肉汤的牛肉新鲜，汤头清爽，是冬日里的温暖选择。
106,15,烧饼的薄脆口感让人停不下来，每次都要多加几个才过瘾。
106,16,牛肉汤的牛肉新鲜，汤清爽而不油腻，是我喜欢的健康选择。
106,17,烧饼的薄脆和牛肉汤的鲜美，构成了我校园生活中的美好记忆。
106,18,牛肉汤窗口的牛肉新鲜，汤清爽，每次都能喝出幸福感。
106,19,烧饼的薄脆和牛肉汤的牛肉新鲜，两者搭配起来简直是美味至极。
106,20,淮南牛肉汤窗口的烧饼和牛肉汤都是我的最爱，每次去都能吃得很开心。
107,1,肉夹馍的馍皮烤得恰到好处，肉馅鲜美多汁，非常满意。
107,2,热米皮口感滑爽，辣油香味浓郁，吃起来很带劲。
107,3,肉夹馍的肉质鲜嫩，馍皮酥脆，每次吃都有惊喜。
107,4,热米皮的味道很正宗，米皮Q弹，辣椒油增色不少。
107,5,肉夹馍的肉量十足，馍皮薄而脆，吃起来很过瘾。
107,6,热米皮的调料搭配得很好，米皮柔软又不失弹性，味道很棒。
107,7,肉夹馍的肉腌制得很入味，馍皮也烤得恰到好处，非常喜欢。
107,8,热米皮的米香浓郁，辣椒油香辣可口，是冬日里的一抹温暖。
107,9,肉夹馍的肉质新鲜，馍皮香脆，两者结合得很完美。
107,10,热米皮的米皮做得很有特色，口感细腻，味道鲜美。
107,11,肉夹馍的馍皮外酥里软，肉馅味道鲜美，是午餐的好选择。
107,12,热米皮的米皮滑而不腻，辣椒油和醋的比例恰到好处，非常开胃。
107,13,肉夹馍的肉馅选材讲究，馍皮烤制工艺精湛，每次去都必点。
107,14,热米皮的米皮口感细腻，调料香辣，吃起来很满足。
107,15,肉夹馍的肉和馍的结合做得很好，肉的鲜美和馍的香脆相得益彰。
107,16,热米皮的米皮软糯，辣椒油香而不燥，是我喜欢的味道。
107,17,肉夹馍的肉馅调味恰到好处，馍皮薄脆，吃起来很有层次感。
107,18,热米皮的米皮口感很好，辣椒油和醋的结合让人回味无穷。
107,19,肉夹馍的馍皮烤得金黄，肉馅味道鲜美，是校园里的美味佳肴。
107,20,热米皮的米皮Q弹有嚼劲，辣椒油香辣诱人，每次吃完都还想再来一份。
108,1,手撕包菜味道不错，就是出餐速度有点慢，希望能改进。
108,2,麻婆豆腐很下饭，食材品质也不错。
108,3,西红柿炒鸡蛋味道鲜美，下次还会点。
108,4,干锅土豆片很香，但出餐速度如果能加快一点就更好了。
108,5,干锅花菜辣味适中，就是菜量对于男生来说可能不够吃。
108,6,肉末茄子味道很好，但感觉菜量有点少，希望能有所增加。
108,7,青椒肉丝的肉丝可以再多点，孩子我不喜欢青椒。
108,8,蚝油肉片的肉片量有点少，希望食堂能考虑增加。
108,9,宫保鸡丁味道很好，但出餐速度如果能更快一些就更棒了。
108,10,小炒肉炒饭味道不错，但希望能增加一些菜量。
108,11,大盘鸡的鸡肉量有点少，希望能增加。
108,12,回锅肉的肉片量适中，但蔬菜如果能再多点就更好了。
108,13,酸菜烧排骨的排骨量有点少，希望能增加，出餐速度也有待提高。
108,14,小炒牛肉的牛肉量可以再多点，出餐速度慢了些。
108,15,虽然手撕包菜味道好，饭给的有点多了，会有点浪费。
108,16,麻婆豆腐的口味很赞，就是菜量和出餐速度还有待提高。
108,17,西红柿炒鸡蛋如果能增加一些鸡蛋的量就更好了，出餐速度也希望能加快。
108,18,干锅土豆片的口味很棒，但希望能增加菜量，同时提高出餐速度。
108,19,肉末茄子的茄子很入味，但肉末如果能再多点就更完美了，出餐速度也需改进。
108,20,宫保鸡丁和青椒肉丝的口味都很好，就是肉偏少，出餐速度也希望能更快。
109,1,蛋炒饭简单却经典，饭粒分明，不油腻，是快速解决饥饿的好选择。
109,2,青椒肉丝炒饭的肉丝鲜嫩，青椒爽口，搭配得很好，就是希望能增加点分量。
109,3,扬州炒饭配料丰富，味道鲜美，但感觉饭量对于大胃王来说稍微有点少。
109,4,金针菇炒饭的口感独特，菌菇的鲜味很突出，就是出餐速度可以再快点。
109,5,火腿肠炒饭的火腿肠质量挺好，饭炒得香，如果饭量再多一点就更好了。
109,6,西红柿炒饭酸甜可口，色香味俱全，但希望能提升一下出餐速度。
109,7,香菇肉丝炒饭的香菇味道很浓，肉丝也不少，整体很满意，就是价格略高。
109,8,三鲜炒饭内容丰富，海鲜味十足，如果能提供更多辣椒就更完美了。
109,9,雪菜肉丝炒饭的雪菜很开胃，肉丝也不少，性价比很高。
109,10,剁椒肉丝炒饭辣得恰到好处，非常下饭，但分量对于男生来说可能不够。
109,11,老干妈肉丝炒饭的辣味很正，肉丝也多，就是有时候需要排长队。
109,12,虾肉丝炒饭的虾新鲜，肉丝也不少，整体很满意，但价格稍贵。
109,13,小炒肉炒饭的肉片很嫩，饭炒得香，如果能提供更多蔬菜就更健康了。
109,14,五香牛肉炒饭的牛肉很入味，香料恰到好处，如果能增加点饭量就更好了。
109,15,炸酱牛肉炒饭的酱料很香，牛肉也不少，就是有时候出餐速度有点慢。
109,16,脆皮鸡炒饭的鸡肉很脆，饭炒得也香，如果能提供一些辣椒酱就更好了。
109,17,扬州炒饭虽然好吃，但感觉饭量有点小，希望能增加分量。
109,18,金针菇炒饭的金针菇很新鲜，饭炒得也香，如果能提供一些辣椒就更完美了。
109,19,西红柿炒饭的西红柿酸甜适中，如果能提升一下出餐速度就更好了。
109,20,蛋炒饭的饭粒分明，如果能提供一些额外的调料选择就更棒了。
110,1,卤汁肉肠饭的口味很独特，肉肠卤得很入味，下次还会尝试。
110,2,椒麻腐竹饭的椒麻味道恰到好处，不会过于刺激，腐竹也很嫩滑。
110,3,卤汁鸡腿饭的鸡腿肉质鲜嫩，卤汁香味浓郁，非常下饭。
110,4,卤汁鸭腿饭的鸭腿肉很紧实，卤汁味道很正，吃起来很满足。
110,5,椒麻香肉饭的香肉肉质鲜美，椒麻味道很开胃，是我喜欢的口味。
110,6,卤汁鸡排饭的鸡排外皮酥脆，内里多汁，卤汁增添了不少风味。
110,7,口味很新颖，值得一试。
110,8,椒麻鸡肉饭的鸡肉处理得很好，椒麻味道让人回味无穷。
110,9,可乐鸡块饭的鸡块炸得恰到好处，搭配可乐的甜味，别有一番风味。
110,10,卤汁翅根饭的翅根卤得很入味，肉质鲜嫩。
110,11,卤汁肉肠饭的肉肠卤制得很到位，肉质紧实，卤汁的香味让人难忘。
110,12,椒麻腐竹饭的腐竹口感很好，椒麻味道不会太浓，适合喜欢清淡口味的人。
110,13,卤汁鸡腿饭的鸡腿卤得很透，肉质鲜美，卤汁的味道也很赞。
110,14,卤汁鸭腿饭的鸭腿卤得很入味，肉质紧实，是食堂的热门选择。
110,15,椒麻香肉饭的香肉很有嚼劲，椒麻味道让人食欲大增。
110,16,卤汁鸡排饭的鸡排卤得很香，外皮酥脆，内里多汁，非常美味。
110,17,口味很独特，值得尝试。
110,18,椒麻鸡肉饭的鸡肉很嫩，椒麻味道恰到好处，吃起来很满足。
110,19,可乐鸡块饭的鸡块搭配可乐的甜味，甜中带咸，味道很特别。
110,20,卤汁翅根饭的翅根卤得很香，肉质鲜嫩。
111,1,麻辣香锅的食材非常新鲜，尤其是海鲜，口感很好。
111,2,麻辣烫味道鲜美，但是不够辣，出餐有点慢。
111,3,麻辣香锅的食材种类丰富，每次来都能尝试不同的搭配。
111,4,麻辣烫的汤底很健康，听说是用骨头熬制的，味道鲜美。
111,5,麻辣香锅的辣度可以自选，对于不太能吃辣的我来说很友好。
111,6,麻辣烫的蔬菜种类很多，新鲜又健康，适合想要吃得清淡一些的同学。
111,7,麻辣香锅的肉类食材很新鲜，吃起来很放心。
111,8,麻辣烫的汤底选择多样，可以根据自己的口味选择不同的汤底。
111,9,麻辣香锅的食材处理得很干净，吃起来很安心。
111,10,麻辣烫的出餐速度慢，素菜有时候不新鲜。
111,11,麻辣香锅的食材丰富，每次来都有新发现，不会吃腻。
111,12,麻辣烫的汤底很香，让人忍不住多喝几口。
111,13,麻辣香锅的食材新鲜，尤其是豆制品，口感非常好。
111,14,麻辣烫的蔬菜新鲜，颜色鲜亮，一看就很有食欲。
111,15,麻辣香锅的食材搭配合理，营养均衡，很健康。
111,16,麻辣烫的食材丰富，有各种各样的肉类和蔬菜，选择性很大。
111,17,麻辣香锅的出餐速度慢，不用等太久就能吃到热腾腾的香锅。
111,18,麻辣烫的汤底味道浓郁，但不会过于油腻，很健康。
111,19,麻辣香锅的食材不算新鲜，出餐速度慢。
111,20,麻辣烫的食材新鲜，种类多，每次来都能吃到不同的搭配，很满意。
112,1,小火锅的食材真的很新鲜，尤其是各类蔬菜，绿油油的看着就很有食欲。
112,2,干拌锅仔的出餐速度非常快，不用等太久就能享受到热腾腾的美味。
112,3,小火锅的汤底非常清澈，看得出来是用好材料熬制的，喝着很健康。
112,4,干拌锅仔的调料种类很多，可以根据个人口味自由搭配，这点很赞。
112,5,小火锅的食材种类丰富，从海鲜到肉类再到各种蔬菜，选择多多。
112,6,干拌锅仔的食材新鲜，尤其是牛肉，吃起来口感特别好。
112,7,小火锅的出餐速度快，即便是在用餐高峰期也能迅速上菜。
112,8,干拌锅仔的口味很地道，香辣适中，吃起来很过瘾。
112,9,小火锅的食材新鲜，尤其是各类豆制品，口感滑嫩，很受欢迎。
112,10,干拌锅仔的食材搭配合理，营养均衡，吃得健康又美味。
112,11,小火锅的食材丰富，每次来都能尝试不同的食材组合，很有新鲜感。
112,12,干拌锅仔的出餐速度快，服务态度也很好，让人印象深刻。
112,13,小火锅的食材新鲜，尤其是各类菌菇，吃起来很放心。
112,14,干拌锅仔的食材丰富，每次来都能发现新的美味，很惊喜。
112,15,小火锅的汤底味道鲜美，看得出来是用心熬制的，喝着很健康。
112,16,干拌锅仔的食材新鲜，尤其是各类海鲜，吃起来很满足。
112,17,小火锅的出餐速度快，服务态度也很好，用餐体验很棒。
112,18,干拌锅仔的食材新鲜，尤其是各类蔬菜，颜色鲜亮，一看就很有食欲。
112,19,小火锅的食材种类丰富，从肉类到海鲜再到各类蔬菜，应有尽有。
112,20,干拌锅仔的口味独特，香辣适中，吃起来很开胃，是食堂里的热门选择。
201,1,生煎外皮酥脆，内里汤汁丰富，肉馅鲜美，是早餐的绝佳选择。
201,2,小笼包皮薄肉嫩，汤汁清甜，每一口都是满足。
201,3,肉包馅料实在，肉香浓郁，搭配豆浆或粥品，早餐更加完美。
201,4,菜包清新可口，蔬菜新鲜，是素食主义者的理想选择。
201,5,花卷软而有层次，面香十足，适合喜欢传统面食的朋友。
201,6,馒头松软，简单却经典，是搭配各种小菜的好选择。
201,7,烧麦皮薄馅大，糯米香软，是早餐桌上的亮点。
201,8,白煮蛋新鲜，蛋白嫩滑，蛋黄绵密，营养丰富。
201,9,茶叶蛋入味，茶香与香料的结合让人回味无穷。
201,10,鸡蛋饼金黄诱人，蛋香四溢，是快速补充能量的好选择。
201,11,酱香饼酱料独特，咸香适中，是早餐中的美味佳肴。
201,12,肉夹馍馍皮酥脆，肉馅多汁，每一口都是享受。
201,13,汉堡肉饼厚实，面包柔软，搭配新鲜蔬菜，营养均衡。
201,14,土豆丝饼香脆可口，土豆丝细腻，是早餐中的清新之选。
201,15,紫薯卷甜而不腻，紫薯的自然甜味让人心情愉悦。
201,16,小米糕软糯，米香浓郁，是传统风味的体现。
201,17,手抓鸡蛋饼方便食用，蛋香与面香的结合让人难以忘怀。
201,18,鸡蛋肉饼肉蛋搭配，营养均衡，是早餐的好搭档。
201,19,葱油酥饼酥脆可口，葱香浓郁，是传统早餐的经典之作。
201,20,豆沙酥饼外皮酥脆，豆沙馅甜而不腻，是甜党的最爱。
202,1,青菜炒得恰到好处，保留了蔬菜的脆嫩和清甜，蒜香浓郁，非常开胃。
202,2,经典的家常菜，鸡蛋嫩滑，西红柿酸甜适中，色香味俱全。
202,3,麻辣鲜香，豆腐嫩而不散，豆瓣酱的味道深入豆腐，非常下饭。
202,4,青椒的清脆与蔬菜的鲜美完美结合，简单却不失风味。
202,5,干锅的做法让包菜更加入味，微辣的口感让人食欲大增。
202,6,土豆片外焦里嫩，与肉丝的搭配恰到好处，是一道美味的家常菜。
202,7,鸡肉鲜嫩多汁，土豆烧得软烂入味，是一道营养丰富的菜品。
202,8,肉丝炒得香而不腻，香干吸收了肉丝的鲜美，简单却不失风味。
202,9,宫爆鸡丁酸甜适中，鸡丁嫩滑，花生米香脆，是一道下饭的好菜。
202,10,杏鲍菇的口感独特，与肉丝的搭配让人回味无穷。
202,11,千页豆腐的口感细腻，与肉丝的结合非常和谐。
202,12,酥肉外酥里嫩，土豆烧得入味，是一道色香味俱全的菜品。
202,13,鸭肉香辣可口，肉质紧实，是一道让人食欲大增的菜品。
202,14,糖醋汁酸甜适中，小酥肉外酥里嫩，非常开胃。
202,15,排条炸得金黄酥脆，椒盐的调味恰到好处，是一道美味的小吃。
202,16,肉片嫩滑，麻辣鲜香，豆芽和生菜的搭配让整道菜更加丰富。
202,17,鱼片鲜嫩，麻辣味道深入鱼肉，非常下饭。
202,18,肥牛片嫩滑，搭配豆芽和生菜，是一道营养丰富的菜品。
202,19,鸡杂酸辣可口，非常开胃，是一道下饭的好菜。
202,20,小炒肉香辣可口，肉质紧实，搭配的蔬菜也非常新鲜。
203,1,面条非常劲道，每一根都吸满了鲜美的汤汁，让人回味无穷。
203,2,鸡丝处理得恰到好处，既保持了肉质的嫩滑，又充分吸收了汤底的精华。
203,3,汤底浓郁而不油腻，鲜美的味道让人忍不住连汤带面一起吃完。
203,4,恰到好处的佐料搭配，既增加了风味，又没有盖过鸡肉和面条的原味。
203,5,搭配的蔬菜非常新鲜，为整碗面增添了一丝清新的口感。
203,6,面条的分量很足，对于饥饿的学生来说，是一顿非常满足的餐点。
203,7,价格非常合理，对于学生族群来说，是性价比很高的选择。
203,8,鸡丝面的火候掌握得很好，面条不软不硬，一切都恰到好处。
203,9,虽然主打鸡丝面，但也有不同的口味选择，满足不同食客的需求。
203,10,工作人员服务态度好，上菜速度快，让用餐体验更加愉快。
203,11,厨房和就餐区的卫生状况良好，让人吃得放心。
203,12,面条弹性十足，吃起来有嚼劲，非常过瘾。
203,13,鸡肉腌制得很入味，每一口都能尝到香料的香气。
203,14,汤底味道层次分明，既有鸡肉的鲜香，又有香料的回甘。
203,15,搭配的小菜味道也很好，和鸡丝面一起食用，更加美味。
203,16,就餐环境舒适，座位充足，即使在高峰时段也能有良好的用餐体验。
203,17,面条质地细腻，不易糊，即使放置一段时间，依然保持良好的口感。
203,18,使用的鸡肉质量上乘，没有腥味，只有鲜美。
203,19,面条的烹饪方式传统而地道，保留了中式面食的精髓。
203,20,总体来说，九里香鸡丝面是一食堂中非常受欢迎的菜品，无论是口味、新鲜度还是服务质量，都让人满意。
204,1,“大大大大碗面”的分量真的很足，对于大胃王来说是个不错的选择。
204,2,面条的口感非常Q弹，吃起来很有嚼劲，很满意。
204,3,汤头鲜美，看得出来是用心熬制的，让人回味无穷。
204,4,配料新鲜，尤其是肉类，吃起来很嫩滑，没有腥味。
204,5,价格合理，对于学生来说非常友好，性价比高。
204,6,环境干净，用餐体验很舒适。
204,7,服务态度好，服务员很有耐心，让人感觉很温馨。
204,8,面条的种类丰富，可以根据个人口味选择不同的口味。
204,9,辣味恰到好处，对于喜欢吃辣的同学来说是个福音。
204,10,面条的新鲜度很高，吃起来不会有那种放置很久的感觉。
204,11,每次去都能看到厨师现场制作面条，感觉非常新鲜和卫生。
204,12,面条的分量对于女生来说可能有点多，但可以和朋友分享。
204,13,汤底有多种选择，可以根据自己的喜好定制，这点很人性化。
204,14,面条的火候掌握得很好，不会太软也不会太硬。
204,15,店里的辣椒油特别香，喜欢重口味的同学可以多加一些。
204,16,即便是在用餐高峰时段，上菜速度也很快，不用等太久。
204,17,面条的汤料很足，吃起来很有层次感，不会单调。
204,18,店里的小吃也很不错，可以搭配面条一起食用。
204,19,面条的配料很丰富，有蔬菜、肉类和豆制品，营养均衡。
204,20,总体来说，大大大大碗面的口味和新鲜度都很不错，是食堂中的一个好选择。
205,1,美润水饺的口味多样，每种馅料都有独特的风味，让人惊喜连连。
205,2,水饺的皮薄馅大，一口咬下去满嘴留香，非常满足。
205,3,新鲜度很高，每次去都能吃到当天现包的水饺，食材新鲜。
205,4,价格对于学生来说非常合理，性价比很高。
205,5,份量十足，即使是小份的水饺也足够一个人吃饱。
205,6,服务态度非常好，服务员总是面带微笑，让人感到温馨。
205,7,水饺的馅料调配得很好，既有肉的鲜美也有蔬菜的清香。
205,8,店里的辣椒油和醋都很有特色，可以根据个人口味自由添加。
205,9,水饺的煮制时间掌握得很好，不会煮破皮，口感恰到好处。
205,10,即便是在用餐高峰期，上菜速度也很快，不用等太久。
205,11,店里提供多种蘸料选择，可以满足不同口味的需求。
205,12,水饺的外形美观，每一个都包得精致，看得出师傅的用心。
205,13,店里的环境整洁，用餐体验很好。
205,14,水饺的种类丰富，有传统的猪肉大葱，也有创新的藤椒鸡肉等口味。
205,15,牛肉水饺和羊肉水饺的肉质鲜嫩，没有腥味，非常美味。
205,16,酸菜鱼水饺是店里的特色，酸菜的味道很正，值得一试。
205,17,藤椒鸡肉水饺带有一点麻辣，吃起来非常开胃。
205,18,店里的水饺都是手工制作，吃起来更有家的感觉。
205,19,即便是素食者，也有多种素馅水饺可供选择，非常贴心。
205,20,总体来说，美润水饺在口味、新鲜度和服务质量上都做得很好，是食堂中的一个亮点。
206,1,山东杂粮煎饼的口味地道，杂粮的香味让人回味无穷。
206,2,煎饼的外皮煎得恰到好处，酥脆不油腻，口感非常好。
206,3,新鲜度很高，每次都能尝到刚出炉的煎饼，热腾腾的很满足。
206,4,价格非常亲民，对于学生族群来说是个很好的选择。
206,5,煎饼的分量十足，一个就足够吃饱，性价比高。
206,6,服务态度很热情，工作人员总是耐心地为顾客介绍不同口味的煎饼。
206,7,煎饼的馅料丰富，有多种口味可以选择，满足不同人的喜好。
206,8,辣椒酱和甜面酱都很有特色，可以根据个人口味添加。
206,9,即便是在用餐高峰时段，煎饼的制作速度也很快，不用等太久。
206,10,煎饼的外皮金黄诱人，看起来就很有食欲。
206,11,店里的环境干净卫生，用餐体验很好。
206,12,杂粮煎饼的营养价值高，适合注重健康饮食的同学。
206,13,煎饼的制作师傅手艺精湛，每一个煎饼都包得恰到好处。
206,14,店里的煎饼种类丰富，除了传统的口味外，还有一些创新的口味。
206,15,煎饼的酱料调配得很好，不会过咸或过甜，味道恰到好处。
206,16,店里还提供一些搭配的小菜，如凉拌黄瓜等，可以增加口感的层次。
206,17,煎饼的包装也很讲究，即便是外带也能保证口感。
206,18,店里的煎饼都是现点现做，保证了食品的新鲜和卫生。
206,19,山东杂粮煎饼作为一道地方特色小吃，在校园里很受欢迎。
206,20,山东杂粮煎饼在口味、新鲜度和服务质量上都做得很好，是食堂中的一个亮点。
207,1,铁板炒饭的香味扑鼻，每次经过都能被这股香味吸引。
207,2,炒饭的米粒分明，不油腻，口感恰到好处。
207,3,新鲜蔬菜和肉类的搭配让炒饭更加营养均衡。
207,4,价格对于学生来说非常合适，经济实惠。
207,5,每份炒饭的分量都很足，男生也能吃得很饱。
207,6,服务员态度友好，总是能够及时响应顾客的需求。
207,7,炒饭的种类多样，可以根据自己的喜好选择不同的配料。
207,8,铁板的高温让炒饭有了独特的风味，吃起来更加美味。
207,9,炒饭的火候控制得很好，不会有夹生或者过熟的情况。
207,10,即便是在用餐高峰期，出餐速度依然很快，不用长时间等待。
207,11,炒饭的配料丰富，每次都有新的发现和惊喜。
207,12,环境干净整洁，用餐时感觉非常舒适。
207,13,铁板炒饭的酱料调味恰到好处，不会过咸或过淡。
207,14,炒饭的色泽金黄，看起来就让人食欲大增。
207,15,店里还提供多种饮料选择，可以搭配炒饭一起享用。
207,16,炒饭的肉类和蔬菜都很新鲜，吃得到食材的原味。
207,17,铁板炒饭的热气腾腾，尤其在冬天吃上一份感觉特别温暖。
207,18,店里的炒饭都是现场制作，保证了食品的新鲜和美味。
207,19,即便是素食者，也有素菜炒饭等选项，非常贴心。
207,20,铁板炒饭在口味、新鲜度和服务质量上都做得很好，是食堂中的一个好选择。
208,1,手撕鸭的肉质鲜嫩多汁，每一口都能感受到肉质的细腻。
208,2,鸭肉的调味恰到好处，香料的香气与鸭肉的鲜美完美结合。
208,3,新鲜度很高，鸭肉吃起来没有腥味，非常新鲜。
208,4,价格对于学生来说非常合理，性价比高，物有所值。
208,5,手撕鸭的分量很足，足够两三个人分享。
208,6,服务态度非常好，服务员总是耐心地为顾客介绍菜品。
208,7,鸭肉的烹饪技法很专业，外皮烤得微脆，内里肉质柔嫩。
208,8,手撕鸭搭配的蘸酱味道独特，增添了额外的风味。
208,9,即便是在用餐高峰时段，手撕鸭的供应也很充足，不需要长时间等待。
208,10,鸭肉的纹理清晰，撕成小块后更加入味。
208,11,餐厅环境干净舒适，用餐氛围很好。
208,12,手撕鸭的制作过程中注重火候控制，保证了鸭肉的原汁原味。
208,13,手撕鸭的皮脆肉嫩，口感层次丰富。
208,14,除了手撕鸭，还提供多种配菜选择，可以自由搭配。
208,15,鸭肉的腌制时间足够长，香料的味道已经完全渗透进肉里。
208,16,手撕鸭的包装也很讲究，即便是外带也能保证品质。
208,17,店里的手撕鸭都是现点现做，保证了食品的新鲜和卫生。
208,18,手撕鸭的辣度适中，适合大多数人的口味。
208,19,即便是不喜欢吃鸭肉的人，也对手撕鸭赞不绝口。
208,20,手撕鸭在口味、新鲜度和服务质量上都做得很好，是食堂中的明星菜品。
209,1,申氏烧汁虾米饭的虾肉新鲜，口感弹牙，非常美味。
209,2,烧汁入味，虾的鲜甜与烧汁的酱香完美结合，令人食欲大增。
209,3,米饭软硬适中，与烧汁虾一起食用非常和谐。
209,4,价格为16.0元，对于学生而言可能稍贵，但考虑到虾的新鲜度和分量，性价比还是不错的。
209,5,烧汁虾米饭的虾线处理得很干净，没有腥味，这点做得非常好。
209,6,烧汁的调味恰到好处，不会过咸，突出了虾的鲜美。
209,7,作为午餐的选择，这份烧汁虾米饭既满足了口味也兼顾了营养。
209,8,米饭吸收了烧汁的精华，每一口都充满了虾的鲜香。
209,9,虾的个头很大，每只都经过精心挑选，吃起来非常过瘾。
209,10,烧汁虾米饭的制作速度快，即便是在用餐高峰时段也能迅速出餐。
209,11,搭配的小菜也很新鲜，为整份餐食增添了不少色彩。
209,12,烧汁虾米饭的摆盘精美，让人一看就食欲大开。
209,13,虾的烹饪方式保持了原汁原味，没有过多的调料，非常健康。
209,14,烧汁的色泽红亮，看起来很有食欲，而且味道鲜美。
209,15,米饭的分量也很足，男生也不用担心吃不饱。
209,16,烧汁虾米饭作为特色菜品，非常推荐给喜欢海鲜的同学。
209,17,虾的新鲜度很高，看得出来是当天采购的新鲜食材。
209,18,烧汁的味道独特，有一点点微辣，让人吃了还想再吃。
209,19,作为一食堂的特色菜品，烧汁虾米饭值得一试。
209,20,申氏烧汁虾米饭在口味、新鲜度和服务质量上都做得很好，是食堂中的一个好选择。
210,1,王记麻辣香锅的口味正宗，麻而不燥，辣而不上火，非常过瘾。
210,2,食材种类丰富，从蔬菜到各类肉类，应有尽有，可以满足不同食客的需求。
210,3,新鲜度很高，看得出来蔬菜和肉类都是当天准备的。
210,4,自选的方式很好，可以根据自己的喜好选择食材和辣度，个性化十足。
210,5,价格透明，根据所选食材计价，不用担心被宰。
210,6,麻辣香锅的火候掌握得很好，食材煮得恰到好处，既入味又不失口感。
210,7,服务态度非常好，服务员会耐心地为第一次来的顾客讲解如何选择食材。
210,8,麻辣香锅的汤底非常香，辣中带鲜，让人吃了还想吃。
210,9,作为午餐或晚餐的选择，麻辣香锅既方便又美味，是不错的选择。
210,10,店铺的卫生状况良好，食材看起来都很干净，吃着放心。
210,11,麻辣香锅的分量很足，性价比高，可以吃得很满意。
210,12,麻辣香锅的辣度有多种选择，满足了不同辣度爱好者的需求。
210,13,即便是不怎么能吃辣的人，也可以选择微辣，依然能够享受美味。
210,14,麻辣香锅的食材搭配合理，营养均衡，吃起来很健康。
210,15,店铺的装修风格很有特色，营造出了很好的用餐氛围。
210,16,麻辣香锅的上菜速度快，不用等太久就能享受到美味。
210,17,麻辣香锅的香气四溢，很远就能闻到，非常诱人。
210,18,麻辣香锅的食材处理得很干净，比如金针菇去根，白菜去帮，细节做得很好。
210,19,王记麻辣香锅非常受欢迎，经常需要排队。
210,20,王记麻辣香锅在口味、新鲜度和服务质量上都做得很好，是食堂中的一个亮点。
301,1,菜品种类丰富，每天都有新的选择。
301,2,服务态度好，员工都很友好。
301,3,食材选择多样，满足不同口味需求。
301,4,分量足够，饭量大的同学也吃得饱。
301,5,菜品标签清晰，方便选择。
301,6,菜品烹饪时间短，等待时间不长。
301,7,部分菜品味道偏淡，需要加盐或酱料。
301,8,价格虽然公道，但有些菜品还是觉得偏贵。
301,9,提供的健康食谱过于单一，需要多样化。
301,10,外卖服务时有时效问题，食物可能会凉。
301,11,食堂座位有限，用餐时需要等位。
301,12,菜品标签不够详细，有的人不知道里面包含什么。
301,13,蒸菜健康，营养价值高，很适合健康饮食。
301,14,有些菜品过于油腻，不太健康。
301,15,食材来源不透明，不够放心。
301,16,排队系统有时效率低下，需要改进。
301,17,菜品展示不够吸引人，缺乏食欲。
301,18,菜品展示不够吸引人，缺乏食欲。
301,19,有些菜品加工时间过长，等待时间过久。
301,20,学府蒸菜的味道很地道，给人家的家常感觉。
302,1,面条口感好，弹牙可口。
302,2,提供多种口味的面条，满足不同喜好。
302,3,价格实惠，适合学生消费。
302,4,配菜丰富，可以根据个人口味搭配。
302,5,食材新鲜，质量有保障。
302,6,提供现场制作，增加了食物的新鲜感。
302,7,服务员态度友好，用餐氛围好
302,8,配菜新鲜多样，增加了口味的变化。
302,9,提供了多种面条宽度选择，满足不同口味需求。
302,10,可以自由调节辣度和酸甜度，更加符合个人口味
302,11,有些面条偏软，口感不够弹牙。
302,12,有时候面条的种类选择不够多，缺乏变化。
302,13,价格虽然实惠，但有些配料可能需要额外收费
302,14,部分面条搭配过于油腻，不够健康。
302,15,配菜展示不够吸引人，缺乏新意。
302,16,现场制作时，面条加工效率低下，等待时间较长。
302,17,配菜搭配不够合理，口感不佳
302,18,部分面条口味不够正宗，与传统口感有差异。
302,19,有时遇到面条味道过咸或过淡的情况，口感不一致。
302,20,提供的健康搭配不够多样化，缺乏选择
303,1,湘西小炒的味道地道，具有家乡特色。
303,2,提供了多种湘西小炒菜品，满足了湘籍学生的口味需求。
303,3,食材选用新鲜，炒菜时保持了原汁原味。
303,4,价格相对实惠，符合大多数学生的消费能力。
303,5,烹饪技术独特，使得湘西小炒口感丰富。
303,6,提供了多种辣度选择，适应不同人群口味。
303,7,菜品制作速度快，减少了等待时间。
303,8,分量足够，能够满足学生的饱腹感。
303,9,可以根据个人口味调整菜品配料，个性化程度高
303,10,提供了季节性特色菜品，增加了新鲜感。
303,11,烹饪过程开放透明，让学生更加放心。
303,12,做菜用油适量，不会过于油腻，更健康。
303,13,部分菜品辣度过高，不适合不爱辣的学生。
303,14,有时候菜品的味道略显单调，缺乏变化。
303,15,有些菜品烹饪油腻度稍高，不够健康。
303,16,配菜展示不够吸引人，缺乏新意。
303,17,现场制作时，炒菜效率偶尔较低，等待时间有所增加。
303,18,湘西小炒的口味与家乡有差距。
303,19,有时遇到菜品味道过咸或过淡的情况，口感不一致。
303,20,反映湘西小炒的分量较小，不够饱足感。
304,1,川味锅仔的口味地道，具有川菜的独特风味。
304,2,提供了多种川味锅仔菜品，满足了喜爱川菜的学生需求。
304,3,食材新鲜，锅仔烹饪时保持了原汁原味。
304,4,价格相对实惠，符合大多数学生的消费能力。
304,5,烹饪技术独特，使得川味锅仔口感丰富。
304,6,提供了多种辣度选择，适应不同人群口味。
304,7,分量足够，能够满足学生的饱腹感。
304,8,可以根据个人口味调整菜品配料，个性化程度高。
304,9,提供了酸辣汤等特色小吃，丰富了选择。
304,10,菜品呈现色香味俱佳，食欲十足。
304,11,提供了多种主食选择，如米饭、面条等，搭配灵活
304,12,部分菜品辣度过高，不适合不爱辣的学生。
304,13,有时候菜品的味道略显单调，缺乏变化。
304,14,价格相对其他食品略高，可能有些学生觉得贵。
304,15,部分配菜可能不够新鲜，影响口感。
304,16,高峰时段服务可能有些拥挤，等待时间较长。
304,17,食堂环境嘈杂，用餐体验略有影响。
304,18,有时炒菜分量不够均匀，导致口感不一致。
304,19,配菜种类不够多样，缺乏选择。
304,20,川味锅仔的口味与原汁原味有差距。
305,1,川香水煮的味道浓郁，香辣可口，令人回味无穷。
305,2,提供了多种选择，如牛肉、鸡肉、鱼片等，满足了不同口味的需求。
305,3,菜品分量足够，大学生吃饱感十足，性价比高。
305,4,食材新鲜，烹饪过程中保留了原料的鲜美口感。
305,5,辣度适中，既能够满足爱吃辣的学生，又不会过于刺激。
305,6,烹饪工艺独特，使得川香水煮的口感丰富多样，层次分明。
305,7,提供了多种配菜，如豆芽、青菜等，增加了口感的丰富度。
305,8,配菜新鲜可口，与主菜相得益彰，提升了整体味道。
305,9,食堂阿姨态度良好，能够及时应对学生的需求，增添了用餐的愉悦感。
305,10,菜品制作精细，能够品尝到每一种食材的鲜美味道。
305,11,配菜炒制恰到好处，保持了蔬菜的鲜嫩口感。
305,12,价格适中，符合学生的消费能力，不会给学生造成经济负担。
305,13,提供了大份量和小份量选择，能够根据个人食量需求点菜。
305,14,配菜新鲜多样，口感丰富，搭配合理，让人吃得舒心满意。
305,15,川香水煮的味道与正宗的川菜相比稍有欠缺。
305,16,有时候菜品的味道略显单一，缺乏变化，容易让人产生审美疲劳。
305,17,在繁忙时段，服务可能会略显拥挤，导致等待时间较长。
305,18,配菜品种较少，缺乏选择性。
305,19,菜品的分量较小，不够饱腹。
305,20,有时候菜品的调味偏重，可能会掩盖食材的原味。
306,1,烤肉分量丰富，肉质鲜嫩多汁，满足了大学生的食欲。
306,2,提供了多种肉类选择，如牛肉、猪肉、鸡肉等，可以根据个人口味进行搭配。
306,3,烤肉味道浓郁，香气扑鼻，让人垂涎欲滴。
306,4,菜品分量足够，大学生吃饱感十足，性价比高。
306,5,烤肉烹饪技巧独特，保持了肉类的原汁原味，口感极佳。
306,6,烤肉配料丰富，如蔬菜、土豆等，增加了口感的层次和丰富度。
306,7,提供了各种口味的调料，让学生可以根据个人喜好调整味道。
306,8,提供了大份量和小份量选择，能够根据个人食量需求点菜。
306,9,菜品新鲜，烹饪过程中保留了食材的原汁原味。
306,10,烤肉烹饪火候适中，肉质口感鲜嫩，不柴不老。
306,11,提供了多种口味选择，如原味、孜然、辣椒等，适应了不同口味需求。
306,12,有时候烤肉分量不够均匀，有些学生可能会感觉肉少配菜多。
306,13,烤肉的味道过于油腻，影响了口感和消化。
306,14,有时候烤肉的调味不够均匀，导致味道不一致。
306,15,烤肉的口感略显干涩，缺乏肉质的鲜嫩。
306,16,在繁忙时段，服务可能会略显拥挤，导致等待时间较长。
306,17,烤肉的肉质不够鲜嫩，可能存在存放时间过长的问题。
306,18,有时候配菜的新鲜度不够，影响了整体口感和食欲。
306,19,烤肉的烹饪时间不够，导致肉类未能完全熟透。
306,20,烤肉的味道可能受到肉质的影响，不够鲜美。
307,1,咖喱饭分量足够，可以满足一顿正餐的需求。
307,2,咖喱饭味道浓郁，香气扑鼻，令人垂涎欲滴。
307,3,提供了多种蔬菜和肉类选择，增加了咖喱饭的丰富度。
307,4,咖喱饭的味道独特，口感丰富，让人回味无穷。
307,5,价格实惠，符合学生的消费能力，性价比高。
307,6,提供了不同辣度的选项，满足了不同口味需求。
307,7,服务员态度良好，能够及时应对学生的需求，增添了用餐的愉悦感。
307,8,咖喱饭配菜新鲜，口感爽脆，与主菜相得益彰。
307,9,咖喱饭的配料丰富多样，包括蔬菜、肉类等，提供了均衡的营养。
307,10,有时候咖喱饭的分量不够，可能导致吃饱感不强。
307,11,咖喱饭的味道可能过于油腻，影响了口感和消化。
307,12,有时候咖喱饭的调味不够均匀，导致味道不一致。
307,13,有些学生反映咖喱饭的口感略显干涩，缺乏鲜嫩感。
307,14,在繁忙时段，服务可能会略显拥挤，导致等待时间较长。
307,15,咖喱饭的配菜不够新鲜，影响了整体口感和食欲。
307,16,有时候咖喱饭的食材选择不够新鲜，影响了口感和营养价值。
307,17,咖喱饭的辣度可能过高，不太适合口味清淡的人。
307,18,咖喱饭的味道可能受到食材的影响，不够鲜美。
307,19,有时候咖喱饭的调味可能不够符合个人口味，不能满足不同需求。
307,20,咖喱饭的味道过于单一，缺乏变化。
308,1,猪肚鸡分量十足，可以满足大部分学生的食欲。
308,2,猪肚鸡的味道浓郁，鸡肉鲜嫩，猪肚入味，令人回味无穷。
308,3,猪肚鸡汤汤味醇厚，口感浓郁，非常适合冬天食用。
308,4,提供了大块的鸡肉和猪肚，给人一种物有所值的感觉。
308,5,价格适中，符合大多数学生的消费能力。
308,6,提供了丰富的配菜，如木耳、蘑菇等，增加了菜品的口感和营养。
308,7,环境舒适，提供了良好的用餐氛围。
308,8,猪肚鸡的配料新鲜，味道纯正，保留了食材的原汁原味。
308,9,提供了大份量和小份量选择，能够满足不同食量的学生需求。
308,10,猪肚鸡的烹饪过程卫生规范，保证了食品安全。
308,11,有时候猪肚鸡的配料选择不够丰富，缺乏多样性。
308,12,猪肚鸡的烹饪环境可能不够卫生，存在卫生隐患。
308,13,有时候猪肚鸡的火候不够，导致食材未能完全熟透。
308,14,猪肚鸡的味道偏甜，不太适合口味清淡的人。
308,15,有时候猪肚鸡的分量较小，不能满足大部分学生的食欲。
308,16,猪肚鸡的味道可能受到食材的影响，不够鲜美。
308,17,有时候猪肚鸡的调味可能不够符合个人口味，不能满足不同需求。
308,18,猪肚鸡的味道过于单一，缺乏变化。
308,19,有时候猪肚鸡的菜品搭配不够合理
308,20,猪肚鸡的味道可能偏咸，需要适当调整。
309,1,优米香烤肉饭的分量十足，满足了大多数学生的食欲。
309,2,烤肉的味道浓郁，肉质鲜嫩，香气扑鼻，令人垂涎欲滴。
309,3,米饭口感软糯，米粒饱满，非常符合大多数人的口味。
309,4,价格适中，性价比高，深受学生欢迎。
309,5,提供了丰富的配菜，如蔬菜沙拉、煎蛋等，增加了菜品的口感和营养。
309,6,提供了小份量和大份量选择，满足了不同食量的学生需求。
309,7,环境整洁，服务态度良好，给人愉悦的用餐体验。
309,8,烤肉的肉质新鲜，烹饪技巧熟练，保留了食材的原汁原味。
309,9,饭菜的烹饪过程卫生规范，保证了食品的安全性。
309,10,饭菜的味道适中，不会过于油腻或过于清淡，符合大多数人的口味需求。
309,11,有时候烤肉饭的分量偏小，不能完全满足部分食量较大的学生需求。
309,12,烤肉饭的烤肉可能偏干，需要改进烹饪技巧。
309,13,有时候烤肉饭的米饭可能煮得过软，缺乏饱腹感。
309,14,在繁忙时段，服务可能会有些拥挤，导致等待时间较长。
309,15,烤肉饭的配菜不够新鲜，影响了整体口感和食欲。
309,16,有时候烤肉饭的烤肉可能烤得过于焦黑，影响了口感和营养价值。
309,17,烤肉饭的米饭可能偏硬，需要加强烹饪细节。
309,18,有时候烤肉饭的价格略高，不太符合部分学生的消费能力。
309,19,烤肉饭的味道可能受到烹饪技巧的影响，需保持一贯的口味。
309,20,有时候烤肉饭的配菜选择不够丰富，缺乏多样性。
310,1,配菜搭配合理，口味协调，增加了整体食物的美味。
310,2,牛肉煮得恰到好处，保持了肉质的鲜嫩口感。
310,3,提供了多样化的调味料，满足不同口味需求。
310,4,牛肉的味道浓郁，适合喜欢重口味的学生。
310,5,米饭煮得恰到好处，不过硬不过软，口感饱满。
310,6,提供了多种蛋白质来源，如牛肉、蛋类等，满足了学生的营养需求。
310,7,牛肉饭的食材选择新鲜，味道纯正，给人健康美味的感觉。
310,8,提供了丰富的菜品选择，能够满足不同口味的学生。
310,9,牛肉烹饪得恰到好处，保留了肉质的原汁原味。
310,10,饭菜的烹饪过程卫生规范，确保了食品的安全性。
310,11,有时候米言牛肉饭的分量偏小，不能完全满足部分食量较大的学生需求。
310,12,牛肉可能有些过于咸，需要注意调味。
310,13,有时候米言牛肉饭的米饭可能煮得过软，缺乏饱腹感。
310,14,在繁忙时段，服务可能会有些拥挤，导致等待时间较长。
310,15,牛肉可能煮得过于老硬，影响了口感和咀嚼感。
310,16,米饭可能偏硬，需要加强烹饪细节。
310,17,价格略高，不太符合部分学生的消费能力。
310,18,牛肉的味道可能不够鲜美，需保持一贯的口味。
310,19,有时候米言牛肉饭的配菜选择不够丰富，缺乏多样性。
310,20,牛肉饭的食材选择新鲜，味道纯正，给人健康美味的感觉。
311,1,煲仔饭味道鲜美，香气扑鼻，让人食欲大增。
311,2,食堂的煲仔饭价格相对实惠，符合学生的经济能力。
311,3,煲仔饭选材新鲜，配料丰富，营养均衡。
311,4,煲仔饭的分量足，能够满足学生正常的饥饿感。
311,5,食堂服务员态度友好，服务效率高，让人感受到温暖。
311,6,煲仔饭种类多样，有不同口味供选择，满足不同人的需求。
311,7,煲仔饭烹饪技巧高超，让人吃出家常味道。
311,8,食堂环境整洁，就餐氛围舒适，让人能够放松享受美食。
311,9,煲仔饭的份量适中，不会造成浪费，也不会吃不饱。
311,10,煲仔饭的菜品口感丰富，有软有硬，有咸有甜，让人吃出不同的味道。
311,11,煲仔饭的油腻度有些高，容易导致消化不良。
311,12,部分煲仔饭的米饭偏软，缺乏口感，影响食欲。
311,13,食堂煲仔饭的等待时间较长，需要排队等候时间较久。
311,14,有时候煲仔饭的味道会有所不稳定，同样的菜品可能会有差异。
311,15,部分煲仔饭的菜品味道过咸或者过甜，影响整体口感。
311,16,食堂煲仔饭的环境有些吵闹，不够安静，影响用餐体验。
311,17,煲仔饭的菜品种类虽然多，但是有些菜品的搭配不够合理，缺乏创新。
311,18,有时候食堂煲仔饭的温度不够热，影响口感和食用体验。
311,19,部分煲仔饭的配料品质参差不齐，影响整体味道和质量。
311,20,食堂煲仔饭的包装容易漏油，带来不便和麻烦。
401,1,牛排和意面都很美味，口感十分鲜嫩。
401,2,服务态度很好，服务员热情周到，但餐具清洁度有待提高。
401,3,分量足，价格实惠，但部分菜品口味偏咸，需注意调整。
401,4,餐厅噪音较大，影响用餐体验。
401,5,菜单种类丰富，选择余地大，但部分菜品烹饪不够用心。
401,6,配菜新鲜，当然可以！
401,7,牛排煎得恰到好处，口感鲜嫩。
401,8,意面酱料浓郁，味道地道。
401,9,餐厅装修略显陈旧，需要更新。
401,10,菜品口味单一，缺乏创新。
401,11,价格实惠，性价比高。但有时等待时间较长，需要改进。
401,12,分量足，吃得饱饱的。
401,13,菜单种类丰富，选择余地大，但上菜速度较慢。
401,14,配菜新鲜，搭配合理。
401,15,每道菜品都让人回味无穷。
401,16,部分菜品价格偏高，性价比不高。
401,17,菜单种类丰富，选择余地大，满足不同口味。
401,18,焗饭香浓可口，奶酪丰富。披萨薄饼酥脆，配料新鲜。
401,19,咖哩饭香气扑鼻，咖喱汁浓郁，米饭口感软糯。
401,20,披萨薄脆可口，芝士丰富。
402,1,酸汤鱼汤底酸辣适中，鱼肉鲜嫩，味道地道。
402,2,干锅米饭香气扑鼻，米饭口感饱满，配菜入味。
402,3,服务员热情周到，用餐环境整洁舒适。
402,4,分量足，价格实惠，性价比很高。
402,5,餐厅位置便利，交通便捷，适合聚餐。
402,6,菜单种类丰富，选择余地大，满足不同口味。
402,7,配菜新鲜，味道地道，值得推荐。
402,8,酸汤鱼鱼片新鲜，汤底浓郁，回味无穷。
402,9,干锅米饭配菜丰富，米饭口感香糯。
402,10,餐具清洁度有待提高，影响用餐体验。
402,11,酸汤鱼汤汁鲜美，鲜香扑鼻，入口回味无穷。
402,12,配菜新鲜可口，搭配恰到好处，美味十足。
402,13,酸汤鱼鱼肉鲜嫩多汁，汤底酸辣开胃。
402,14,干锅米饭配菜丰富，口感鲜美，令人回味无穷。
402,15,价格亲民实惠，品质超值，物有所值。
402,16,菜品份量不足，需加大份量。
402,17,菜单种类繁多，口味多样，满足不同需求。
402,18,份量太少了，根本吃不饱。
402,19,鱼肉给的太少了，吃不到几口。
402,20,部分菜品烹饪不够用心，味道欠缺。
403,1,汤面汤汁鲜美，面条Q弹可口，是冬日暖心选择。
403,2,拌面调料浓香，口感爽滑，让人回味无穷。
403,3,炸酱面酱料浓郁，面条劲道，美味可口。
403,4,炸酱面的服务效率高，让人用餐愉快轻松，是一次美好的用餐体验。
403,5,汤面的价格实惠，性价比高，是经济实惠的选择。
403,6,汤面的菜品口味多样，满足不同人的口味需求，让人有多样选择。
403,7,拌面的食材新鲜可口，口感丰富，让人回味无穷。
403,8,炸酱面酱料味道过于浓烈，需调整口味平衡。
403,9,炸酱面面条有时煮得过软，需控制烹饪时间。
403,10,炸酱面味道偏咸，需减少盐分，更符合口味。
403,11,汤面汤底有时味道不均匀，需加强搅拌。
403,12,拌面调料搭配不够协调，需要调整比例。
403,13,拌面的分量十足，价格实惠，物超所值。
403,14,拌面的调料搭配恰到好处，口味层次丰富，令人赞不绝口。
403,15,拌面分量足够，食材新鲜，价格合理，物超所值。
403,16,炸酱面酱料味道偏甜，需减少甜味成分。
403,17,汤面的服务态度热情周到，让人感受到家的温暖。
403,18,炸酱面的食材新鲜丰富，色香味俱全，让人食指大动。
403,19,拌面的服务效率高，用餐速度快，让人感受到高效便捷。
403,20,拌面的分量足够，让人吃得饱足满意，是一顿美好的用餐体验。
404,1,烤鸭饭香气扑鼻，鸭肉鲜嫩多汁，配菜丰富可口。
404,2,鸡腿饭皮脆肉嫩，味道浓郁，份量十足实惠。
404,3,小龙虾饭色泽诱人，虾肉鲜美，口感鲜甜爽口。
404,4,冒烤鸭独特口味，鸭肉酥脆，荷叶香气扑鼻。
404,5,五花肉饭肥瘦相间，口感鲜美，下饭又下酒。
404,6,烤鸭饭鸭肉过干，米饭有些粘稠，配菜品种单一。
404,7,鸡腿饭鸡肉质地偏老，味道欠佳，价格偏高。
404,8,小龙虾饭虾肉偏小，清理不干净，味道略有生涩。
404,9,冒烤鸭味道较油腻，烤鸭皮太薄，荷叶香味不够。
404,10,五花肉饭五花肉油腻过多，口感过肥，缺乏清爽感。
404,11,烤鸭饭的鸭肉烹饪得恰到好处，每一口都充满鲜美的汁水。
404,12,鸡腿饭的鸡皮炸得香脆，肉质鲜嫩，入口即化。
404,13,小龙虾饭的虾肉鲜嫩多汁，带着海鲜的独特风味。
404,14,冒烤鸭的独特口感让人回味无穷，每一口都是美味的享受。
404,15,五花肉饭的五花肉肥瘦相间，入口滑嫩，香气四溢。
404,16,烤鸭饭中的鸭肉口感干涩，需要更多的汁水来提升口感。
404,17,鸡腿饭里的鸡肉质地偏老，需要更好的烹饪技巧来保持肉质鲜嫩。
404,18,小龙虾饭中的虾肉偏小，需要更认真的清理工作来确保食材的质量。
404,19,冒烤鸭口感油腻，需要减少油脂的使用，让食物更健康美味。
404,20,五花肉饭中的肥肉过多，需要更多清爽的配菜来平衡口感，让食物更加美味可口。
405,1,香肉拌饭肉质鲜嫩，调味恰到好处，香气扑鼻。
405,2,食材新鲜，菜品搭配合理，口感丰富，让人回味无穷。
405,3,份量十足，价格实惠，性价比高，是经济美味的选择。
405,4,服务态度亲切周到，用餐环境整洁舒适，让人用餐愉快。
405,5,配菜丰富多样，口感清爽，让人享受到美食的乐趣。
405,6,香肉拌饭肉质偏老，调味过咸，缺乏新鲜感。
405,7,食材质量参差不齐，菜品搭配不合理，口感单一。
405,8,份量不足，价格偏高，性价比不高，不值得推荐。
405,9,服务效率低，用餐环境脏乱不堪，让人无法放心享用。
405,10,配菜单一，口感缺乏变化，让人感到单调乏味。
405,11,香肉拌饭的肉质鲜嫩多汁，调味香浓，让人食指大动。
405,12,食材新鲜可口，菜品搭配巧妙，每一口都是美味的享受。
405,13,份量十足，价格实惠，物超所值，是经济美食的首选。
405,14,服务周到热情，用餐环境整洁优雅，让人感受到宾至如归的舒适。
405,15,配菜丰富多样，口感清新，让人流连忘返，回味无穷。
405,16,香肉拌饭的肉质偏老，调味过于咸，缺乏新鲜感，需改进。
405,17,食材质量良莠不齐，菜品搭配不当，口感单调乏味，有待提升。
405,18,份量不足，价格偏高，性价比欠佳，需注意调整定价策略。
405,19,服务效率低下，用餐环境脏乱不堪，顾客体验差，需加强管理。
405,20,配菜单一，口感缺乏变化，需要增加创新元素，提升菜品口感。
406,1,韩式烤盘饭烤肉香气扑鼻，口感鲜美，配菜丰富多样。
406,2,烤盘饭烤肉烤得恰到好处，酱汁浓郁，让人回味无穷。
406,3,服务热情周到，用餐环境舒适整洁，让人用餐愉快。
406,4,价格实惠，份量足够，性价比高，是经济美味的选择。
406,5,韩式烤盘饭口味正宗地道，让人仿佛置身韩国美食街。
406,6,韩式烤盘饭中的烤肉质地偏老，酱汁味道单调，缺乏新鲜感，需改进。
406,7,烤盘饭配菜种类单一，口味缺乏变化，让人感到单调乏味，需要增加创新。
406,8,服务态度欠佳，服务效率低下，用餐体验欠缺，需提升服务质量。
406,9,价格偏高，份量不足，性价比不高，顾客感受不到物超所值，有待改善。
406,10,韩式烤盘饭中的烤肉油腻过多，口感过重，不符合健康饮食需求，建议调整烹饪方式。
406,11,韩式烤盘饭烤肉质地偏老，酱汁味道单一，缺乏新鲜感。
406,12,烤盘饭配菜品种单一，口味缺乏变化，让人感到单调乏味。
406,13,服务态度欠佳，服务效率低下，用餐体验不佳。
406,14,价格偏高，份量不足，性价比不高，不值得推荐。
406,15,韩式烤盘饭烤肉油腻过多，口感过重，不适合健康饮食。
406,16,韩式烤盘饭的烤肉香气诱人，口感鲜美，配菜种类繁多，令人赞不绝口。
406,17,烤盘饭中的烤肉烤制恰到好处，酱汁浓郁，让人回味无穷，难以忘怀。
406,18,服务热情周到，用餐环境整洁舒适，为顾客营造了愉悦的用餐氛围。
406,19,价格实惠，份量十足，性价比极高，是物美价廉的美食选择。
406,20,韩式烤盘饭口味地道正宗，仿佛能感受到韩国美食文化的魅力所在。
407,1,中国汉堡馅料丰富，口感鲜美，香气诱人，独具风味。
407,2,汉堡包皮薄馅大，煎得酥脆，食材新鲜，美味可口。
407,3,价格实惠，服务周到，环境整洁，让人用餐愉快。
407,4,汉堡种类多样，口味独特，满足不同人的口味需求。
407,5,汉堡外卖包装精美，送达及时，方便快捷，是外出就餐的好选择。
407,6,中国汉堡的馅料丰富多样，口感鲜美，散发着诱人的香气，独具一格。
407,7,汉堡包皮薄而馅料丰富，煎制得酥脆可口，食材新鲜，令人回味无穷。
407,8,价格亲民实惠，服务周到热情，用餐环境整洁舒适，为顾客提供愉悦的用餐体验。
407,9,汉堡种类繁多，口味独特，满足不同人群的口味需求，让人大呼过瘾。
407,10,汉堡外卖包装精美，送餐速度快，方便快捷，是外出就餐的首选之一。
407,11,中国汉堡馅料单调，口感平淡，缺乏创新，让人失望。
407,12,汉堡包面干燥，馅料少，吃起来干涩，缺乏食欲。
407,13,价格偏高，份量少，性价比低，不值得消费。
407,14,服务态度冷漠，用餐环境吵闹脏乱，影响用餐心情。
407,15,汉堡油腻过多，不健康，缺乏营养，不适合长期食用。
407,16,中国汉堡的馅料单调乏味，口感平淡，缺乏创新，让人感到失望。
407,17,汉堡包面干燥，馅料稀少，食用起来干涩无味，缺乏食欲。
407,18,价格偏高，份量吝啬，性价比低，让顾客感受不到物超所值。
407,19,服务态度冷漠，用餐环境吵闹肮脏，影响用餐心情，顾客体验差。
407,20,汉堡油腻过多，不健康，缺乏营养，不适合长期食用，需注意健康问题。
501,1,位置离实验楼很近，下课来吃很方便
501,2,效率高，出餐速度快，不耽误上课
501,3,价格实惠，性价比高
501,4,自选方式方便，效率高，满足个性化需求
501,5,菜品丰富多样，健康又美味，赞一个
501,6,菜单很少更新
501,7,部分菜品口味偏咸，希望能有所调整。
501,8,排队快，用餐高峰可能没有座位
501,9,自选效率高，不用排队等太久
501,10,健康美味两不误
501,11,适合不吃猪肉的同学
501,12,很好吃
501,13,菜品创新不够多，希望推出更多新口味
501,14,自选健康又美味，每次吃饭都很放心
501,15,分量足
501,16,口味地道
501,17,可以自选荤素搭配，很健康
501,18,用餐高峰人有点多，但排队很快
501,19,还有新疆大盘鸡，性价比高
501,20,鸡腿很好吃
502,1,每天都有新鲜出炉的早餐
502,2,提供了多种健康早餐的选择
502,3,小米粥好喝，还有下粥菜
502,4,豆浆有点太甜了
502,5,早餐种类丰富
502,6,去晚了可能会有一些卖完了
502,7,经常来吃，早上人不是很多
502,8,分量足，能吃饱
502,9,有很多选择
502,10,有时早饭会冷掉，希望改进保温措施
502,11,红枣豆浆yyds
502,12,价格实惠，性价比高
502,13,排队人少，不耽误时间
502,14,每天都是那几样，没有新菜品
502,15,好吃
502,16,供应时间太短了，可以延长营业时间
502,17,"牛肉饼馅料多 喜欢"
502,18,早上经常来这里吃
502,19,人不多
502,20,品种齐全
601,1,土豆烧鸡每次必点
601,2,干锅土豆片下饭神器
601,3,菜品新鲜
601,4,价格公道，品质有保障
601,5,口感都很好，每次用餐都很满意
601,6,选择多，营养丰富
601,7,青菜清炒健康又美味
601,8,效率很高，不怎么排队
601,9,价格合理，性价比高
601,10,二楼店很多，高峰期座位难找
601,11,味道浓郁，下饭
601,12,色香味俱全
601,13,有时过于油腻
601,14,所有菜都很下饭
601,15,中午经常来吃
601,16,菜真的不错
601,17,推荐！
601,18,没有菜单，每天固定几个菜
601,19,有荤有素，健康
601,20,肉沫茄子软糯入味，配饭吃很香
602,1,店里的汉堡种类多，总有一款适合自己。
602,2,价格合理，性价比高，学生党的首选
602,3,有自己特定的位置，不用去外面挤
602,4,店里的套餐优惠力度大，很划算
602,5,出餐速度快
602,6,卫生状况好
602,7,每次都点套餐，方便
602,8,服务员态度热情
602,9,堂食和外带都很方便
602,10,店内环境整洁
602,11,时蔬牛肉堡，营养均衡
602,12,薯条香脆可口，是汉堡的最佳搭档
602,13,店内座位舒适，用餐体验很棒
602,14,环境很好
602,15,经常点了外带，速度很快
602,16,套餐搭配不够灵活，希望能提供更多选择
602,17,香辣鸡腿堡推荐
602,18,打着国潮的名号，没有实质性的创新
602,19,营业时间长，出餐快
602,20,不用等很久
603,1,可以选意面或者米饭，都很好吃
603,2,牛排铁板意面肉质鲜嫩，烹饪得恰到好处。
603,3,服务态度特别好
603,4,铁板意面的酱汁浓郁
603,5,上菜速度有点慢
603,6,口感和味道都很棒
603,7,意面口感劲道
603,8,有时等位时间太长
603,9,酱汁有很多选择
603,10,店铺位置便利，下课后就能快速吃到
603,11,火候掌握得很好，每次吃都很满意
603,12,摆盘很精美
603,13,看上去很有食欲
603,14,希望可以多加一些蔬菜
603,15,牛排有点老了
603,16,铁板很烫需要注意
603,17,肉的量有点少
603,18,酱汁味道很好
603,19,个人更喜欢意面
603,20,希望推出更多新口味
604,1,真材实料，口感绝佳，每次必点
604,2,面食种类丰富，口味多样，每次都能找到喜欢的
604,3,可以自己加葱花香菜等调味品
604,4,汤底鲜美，面条爽滑
604,5,部分拌面的酱料过于浓重，掩盖了食材本身的味道
604,6,性价比高
604,7,酱料的口味过于单一
604,8,可以选粉或者面，很少踩雷
604,9,可以自己加葱和香菜，味道更佳
604,10,店里的卫生状况有待提升，桌面有时不太干净
604,11,有时没法及时补充调味料
604,12,麻辣牛肉拌面牛肉鲜嫩多汁，麻辣味十足，每次吃都过瘾
604,13,推荐简单的麻酱拌粉，可以自己加葱和香菜
604,14,有的浇头用的料理包，不是新鲜制作的
604,15,椒麻鸡丝拌面麻辣鲜香，特别开胃
604,16,面条劲道
604,17,葱油拌面简单却美味
604,18,配菜选择丰富，有火腿肠煎蛋等
604,19,口味偏咸
604,20,面的分量很足，价格也很实惠
605,1,味道正宗，麻辣鲜香
605,2,食材新鲜，米线口感滑爽，汤底浓郁
605,3,配菜种类很丰富
605,4,很大一碗，份量很足
605,5,麻辣米线有点太辣了，不能吃辣的不要轻易尝试
605,6,番茄鸡蛋米线非常适合不喜欢辣味的朋友
605,7,配菜很入味
605,8,口味比较重
605,9,米线细软有弹性
605,10,金汤鱼片火锅米线鱼片鲜嫩
605,11,服务态度特别好
605,12,配菜铺满碗底，有豆芽等
605,13,口感和味道不够稳定
605,14,重庆酸辣粉酸辣味恰到好处
605,15,辣度有点过
605,16,出餐很快
605,17,味道不够均衡，有时偏咸或偏辣
605,18,经常来吃
605,19,食材的新鲜程度有时不稳定，希望能加强食材管理
605,20,米线有时煮得太软，失去了应有的口感
606,1,连锁品牌，和外面卖的一样好吃
606,2,正新鸡排口感酥脆，肉质鲜嫩多汁，每次必点
606,3,鸡排炸得金黄酥脆
606,4,人多的时候等待时间有些长
606,5,鸡排外酥里嫩
606,6,学校里开了连锁品牌正新鸡排，不用点校外外卖了
606,7,喜欢正新鸡排这个品牌，不仅因为味道好，更因为品质有保障，吃得放心。
606,8,口味创新不足
606,9,有时炸得过干
606,10,鸡排的分量真的很足，每次都能吃得饱饱的，而且口感也很棒，真的是物美价廉。
606,11,卫生状况有待提升
606,12,小牛肉串量很大，很香
606,13,鸡排炸得恰到好处，外皮金黄酥脆，里面的肉鲜嫩多汁
606,14,拉丝芝士棒外酥里嫩，芝士味浓郁，每一口都能感受到满满的幸福感
606,15,作为连锁品牌，正新鸡排有时在口味上会出现差异，希望品牌方能加强品控。
606,16,今天的正新鸡排口感有些油腻，希望能减少炸制时的油量
606,17,鸡排炸得过火了，有些焦黑，影响口感和食欲。
606,18,鸡排内裹满芝士，咬一口即能感受到芝士的爆浆口感，搭配鸡排的鲜嫩，让人回味无穷。
606,19,鸡腿口感鲜嫩多汁，蜜汁的甜味与鸡肉的鲜美完美结合，是甜食爱好者的最佳选择。
606,20,鱿鱼须搭配特制酱料，味道鲜美
607,1,蔬香孜然鸡茶泡饭味道清新，蔬菜搭配鸡肉，健康又美味
607,2,食堂的茶泡饭价格适中，分量也足够，性价比非常高。
607,3,茶可以倒进饭里也可以单独喝，吃法多样
607,4,咖喱汤汁有点少，米饭不够入味
607,5,黑椒鸡茶泡饭黑椒味浓郁，鸡肉口感鲜嫩
607,6,口味多样，无论是喜欢辣的还是清淡的，都能找到适合自己的口味
607,7,味道清香，茶香与饭香相得益彰
607,8,辣子鸡茶泡饭辣得恰到好处
607,9,当红绝味鸡茶泡饭的鸡肉口感有些柴，不太好吃。
607,10,茶可以续杯
607,11,工作人员服务态度很热情
607,12,食堂的茶泡饭种类繁多，每次来都能找到新的口味尝试
607,13,咖喱鸡茶泡饭咖喱味浓郁，鸡肉口感嫩滑多汁，吃得超级满足！
607,14,配菜也很入味
607,15,价格适中，口感也相当不错，性价比很高
607,16,香酥鸡茶泡饭的鸡肉外皮不够酥脆，口感欠佳。
607,17,是食堂的一大特色
607,18,分量虽然足，但有时候感觉米饭有些硬
607,19,茶可以综合汤汁的咸味，恰到好处
607,20,推荐咖喱鸡茶泡饭！
608,1,牛肉饭真的是一绝，牛肉鲜嫩多汁，米饭也香糯可口，每次吃都超级满足！
608,2,这家真的是我的最爱，价格实惠又好吃
608,3,咖喱牛肉的味道浓郁，牛肉炖得很烂，入口即化，真是美味极了。
608,4,土豆酱肉这道菜真是让人惊艳，土豆炖得软糯，酱肉香浓，简直是下饭神器。
608,5,手撕鸡的口感特别鲜嫩，鸡肉撕得很细，入味十足，每次吃都停不下来。
608,6,牛肉拼茄子的组合真的很赞，牛肉鲜嫩，茄子软糯，搭配在一起味道超级好。
608,7,F+牛肉饭不仅味道好，而且出餐速度也很快，非常适合忙碌的大学生。
608,8,味道和品质都超出我的预期
608,9,鸡扒有点干，口感不太好
608,10,每一口都是满满的幸福感
608,11,海苔照烧鸡的鸡肉鲜嫩多汁，海苔的加入让整道菜口感更丰富，真的很棒！
608,12,出餐速度很快，好评
608,13,手撕鸡的鸡肉有点柴
608,14,米饭也很讲究，粒粒分明，口感极佳
608,15,鸡肉切得大小均匀，调味也刚刚好，非常开胃下饭
608,16,鸡肉类的菜品也很不错，特别是黑椒鸡扒
608,17,巴西烤香鸡的味道有点怪，不太符合我的口味。
608,18,汤汁浓郁
608,19,土豆酱肉里的土豆炖得太烂了，失去了原有的口感。
608,20,米饭软糯适中，配上鲜嫩的牛肉，真是美味极了
609,1,他们家的烤盘饭真是色香味俱全，自选食材十分自由
609,2,烤盘饭的烧烤味很足，吃起来特别过瘾
609,3,食材的搭配非常丰富，可以根据自己的口味进行挑选
609,4,他们家的孜然调料真是太香了
609,5,食材新鲜，种类丰富，每次都能选出自己喜欢的菜品，非常满意。
609,6,可以自由选择辣或者是不辣，满足不同口味
609,7,送一份小天汤，非常皆可好喝
609,8,无论是素菜还是荤菜味道都非常好，真的很喜欢。
609,9,价格实惠，味道又好，真的是食堂里的高性价比美食。
609,10,他们家的服务态度很好，每次去都能感受到员工的热情和耐心。
609,11,方便面之类的菜品有时候会特别干，失去了口感
609,12,我特别喜欢他们家的孜然香味，每次吃都能让我食欲大增。
609,13,烤盘饭的口味过于单一，吃多了会腻
609,14,出餐速度特别快
609,15,可以选择自己要吃的份量，减少浪费
609,16,有时候烤盘饭的调料放得太多了，会感觉有点呛人。
609,17,土豆特别软糯好吃，香！
609,18,烤盘饭的口味过于油腻，不是很喜欢
609,19,荤菜和素菜的选择很多
609,20,米饭和送的甜汤都是点睛之笔
610,1,麻辣香锅的调料特别入味
610,2,特别喜欢他们家的麻辣拌，食材新鲜，味道浓郁。
610,3,麻辣烫的汤底味道醇厚，配上各种食材，简直是美味。
610,4,麻辣香锅里的豆制品特别入味，每次必点。
610,5,蔬菜在麻辣烫里煮得太久，失去了原有的脆嫩口感
610,6,他们家的荤菜种类很多，而且都很新鲜，吃起来很放心。
610,7,麻辣香锅的口味偏咸，希望能调整一下调料配比
610,8,按照不同的类别进行计价的计价方式非常合理
610,9,麻辣烫汤底有很多选择，都很好吃
610,10,米饭口感软糯适中，搭配麻辣香锅简直是完美
610,11,鑫向隆的价格非常实惠，而且食材都是按重量计价，吃多少拿多少，不用担心浪费。
610,12,有时候感觉麻辣香锅的炒制火候不够，食材还没入味
610,13,计价方式方便，在选菜时可以清晰地看到每类食材的价格，根据自己的口味和预算进行搭配
610,14,食材新鲜，分类计算价格更合理
610,15,麻辣香锅里的某些食材炒得过火，有点焦糊的味道。
610,16,营业时间很长
610,17,食材长时间暴露在外面可能会有卫生问题
610,18,自选菜吃多少拿多少，避免了浪费
610,19,有时候感觉他们的食材不够新鲜，有些荤菜吃起来有点腥味
610,20,豆制品和青菜，炒得特别入味
